{"clmax_flap": 1.2463, "a3D": 5.0037, "CAM": {"IM": 8.074146981627296, "SI": 2.461}, "W0": {"IM": 30348.85976824988, "SI": 13766.0}, "clmin": -0.934725, "clmax": 1.2463, "Vc": {"IM": 498.45800524934384, "SI": 151.93}, "sw": {"IM": 645.8346250025833, "SI": 60}, "Zmo": {"IM": 32805.77427821523, "SI": 9999.2}, "MTOW": {"IM": 50706.36166422688, "SI": 23000}, "MZFW": {"IM": 36102.92950492954, "SI": 16376.0}, "MLW": {"IM": 50706.36166422688, "SI": 23000}}